full_text,sentiment
@Nata_Salud @Sandrag69 @AndresMejiaV ¬°Hola Natalia! Te invitamos a descubrir tu #MatchPresidencial aqu√≠: https://t.co/0E1tZKypTK,neutral
"@supershadai @Registraduria Quien o que instituci√≥n en Colombia atiende los reclamos al fraude electoral?
Porque no suspender a al registrador que ya la defeco en las elecciones de senado y camara.
Hay una desconfianza general en cuanto a las presidenciales.
Est√°n provocando una respuesta violenta.",negative
@BOLIBAR2 @AndresPastrana_ @santiagoangelp Un poco tarde con las elecciones encima‚Ä¶ mal para Colombia,negative
"No encontraron otra alternativa que llenar de miedo a Colombia, utilizan sus paramilitares para ganar elecciones. Es ahora o nunca @petrogustavo",positive
"@BOLIBAR2 @CNE_COLOMBIA @AndresPastrana_ Aqu√≠ no va a pasar nada, y petro de va a robar las elecciones presidenciales y el pa√≠s",negative
"@FicoGutierrez @DANE_Colombia Gracias a @IvanDuque y ud que toma su legado, si Locombia  lo elige estamos condenados a lo mismo, verdad que tienen platica pa robarse √±as elecciones... hdspm!!",negative
"Petro promete reanudar relaciones diplom√°ticas con Maduro si gana elecciones en Colombia
#TalCual #ClaroyRaspao #AmigosDeNuevo 
https://t.co/Kpm7VZydwZ https://t.co/VTL37dV7CD",neutral
‚ÄúCasi 3000 aspirantes a jurados de votaci√≥n inhabilitados en Colombia‚Äù https://t.co/2MCo0SBpog #Elecciones ‚úçÔ∏è por @gabrielamor,neutral
"#Video ¬øCu√°ntos votos necesitaron Duque y Petro para ir a segunda vuelta en 2018?

https://t.co/OhVfQMi6TU https://t.co/NmDDU27LFL",neutral
"Ese Petro me sali√≥ como muy tirado al centro para mi gusto. üòÇüòÇüòÇüòÇüòÇüòÇüòÇüòÇüòÇüòÇüòÇüòÇ
hagan su match presidencial Aqu√≠!!!!

https://t.co/ZMNhI0Lvl3 https://t.co/5XSAZbZs92 https://t.co/CRRkJy51fu",neutral
"#ColombiaDecide | Federico Guti√©rrez desde Riohacha: Hay quienes ‚Äúnegocian con corruptos en las c√°rceles‚Äù

https://t.co/IM628eMlaR",negative
"Tanto la inclusi√≥n de la segunda vuelta como la apertura del sistema pol√≠tico a m√°s partidos hizo que el tarjet√≥n se poblara de casi una decena de candidatos por proceso. 

#ContenidoPremiumEE #Elecciones2022 
https://t.co/tVxPTMLkC2",negative
@mindefensa @infopresidencia @PoliciaColombia @FuerzaAereaCol @IvanDuque @FuerzasMilCol @GobDeBolivar @GobCordoba_ @GobSucre si se van a reunir  con  sus amigos aliados del clan del golfo para mirar como da;an las elecciones para este 29 de mayo eso es lo √∫nico que hace este NARCOGOBIERNO FAVORECER A PARAMILITARES Y LAS MAFIAS EN COLOMBIA,negative
"El 29 de mayo, ser√°n 
Las Elecciones en Colombia. https://t.co/k01o3i9ero",neutral
"Me sali√≥ esto üòÖ

https://t.co/TJokUajStC",neutral
".@odonnellmaria y @ertenembaum entrevistan a Francia M√°rquez, candidata a vicepresidenta en la f√≥rmula de Gustavo Petro para las elecciones presidenciales de Colombia. La cita, este s√°bado a las 9 P.M. (Miami), 10 P.M. (Buenos Aires) en #Conecta2 https://t.co/p93867hkre",neutral
#ColombiaDecide | Candidatos presidenciales explican c√≥mo combatir√≠an la alta inflaci√≥n en Colombia https://t.co/U2fxQzaVSR,neutral
"@stendor @LaPullaOficial Un ""ladr√≥n"" que no se rob√≥ un peso, eso es raro en Colombia, el que empieza el esc√°ndalo para que no se lleve el contrato es el mismo que se iba a ganar la supuesta coima, m√°s raro, lo han aplazando por falta de pruebas en 3 ocasiones hasta llevarlo a fecha de elecciones, raro.",negative
"¬øQu√© pasa con policia, esmad y ejercito?, media colombia sitiada por paramilitares a 3 semanas de elecciones presidenciales y estos hptas nada, pero fueran estudiantes, ni√±os mujeres embarazadas, ya le hab√≠an sacado los ojos, malparidos asesinos hptas @GaulaPolicia @COL_EJERCITO",negative
"Atenci√≥n Colombia!!! 

#LaOrdenVieneDeArriba es la manera como nos quieren robar las elecciones...

100 twitts m√°s!!!
#LaOrdenVieneDeArriba",negative
"@LEO06076235 @waldoalarconho1 @CNE_COLOMBIA @Registraduria @PGN_COL @MiguelA00036444 @PAME3_02F @marco_caldono @HdoPinillaPatin @mariubenoit @Andres_S_Co C√≥mo quiera que sea van a colocar al delincuente ese, rob√°ndose las elecciones de una manera bien descarada c√≥mo hicieron en Chile y en Per√∫. https://t.co/SdnOWbygg1",negative
"Tienen todo listo para robarse las elecciones otra ves, ojo Colombia. https://t.co/toGqlfbrSX",negative
"üëÆ‚Äç‚ôÄÔ∏è La reprensi√≥n a la sociedad, manifiesta un gobierno que se ve amenazado y con poca capacidad de negociaci√≥n y respuesta institucional. M√°s en revista #CienD√≠as 104 üëâüèΩ https://t.co/d2YUoyQ8k6

üì∏ @infopresidencia https://t.co/ZonY8FcHEm",negative
"üïä El proceso de paz entendido c√≥mo una estructura de oportunidad, para poner fin al conflicto y escuchar a sectores sociales excluidos. üé§ #CienD√≠as N. 104 üîó https://t.co/d2YUoyQ8k6

üì∏ @JEP_Colombia https://t.co/igChGJnaFX",neutral
"‚úäüèΩApertura y estabilidad democr√°tica en Colombia, üó≥ el an√°lisis de Daniel Ricardo Amaya en revista #CienD√≠as edici√≥n N. 104 üì≤ https://t.co/d2YUoyQ8k6

üì∏ @PactoHistorico https://t.co/c1UQd4KNDJ",neutral
"Esto est√° imparable!
 #ProgresistaSigueProgresista , #S√∫mateAlCambio , #YaLlegaElCambio .
Sigamos sumando y logremos transformar a Colombia con Petro y Francia! A ganar las elecciones en primera vuelta! S√≠gueme y te sigo!",positive
"Exigimos garant√≠as para la vida y la democracia. A 24 d√≠as de elecciones, #Colombia se encuentra sitiada por las mafias del #ClanDelGolfo sin que el gobierno haga nada! Pedimos a la comunidad internacional pronunciarse inmediatamente.

@WOLA_org #QuienRespondePor #ParoArmado https://t.co/G6qEJKkpcU",negative
La. Justicia en colombia es una mierda. El registrador va a torcer las elecciones. Donde esta el presidente par aq suspendan. Retiren del cargo a ese perro https://t.co/l3ofo0FE2l,negative
La. Justicia en colombia es una mierda. El registrador va a torcer las elecciones. Donde esta el presidente par aq suspendan. Retiren del cargo a ese perro https://t.co/l3ofo0FE2l,negative
"¬øCu√°ntos votos necesitaron Duque y Petro para ir a segunda vuelta en 2018?
https://t.co/aS2FPlnbAU https://t.co/xddQRBZFYF",neutral
FRAUDE DE LA IZQUIERDA EN COLOMBIA ANULA  LAS ELECCIONES https://t.co/i7vjkTZFZx,negative
"El candidato presidencial dice que buscar√° llegar al poder ‚Äúsin comprar votos con plata robada del pueblo colombiano‚Äù.

¬ø#ASonDeQu√© quiere ser presidente?

#Elecciones2022 #ColombiaDecide #RodolfoHernandez
https://t.co/9kDluOH8as",negative
"‚ö†Ô∏èüá®üá¥A 23 d√≠as de la Primera Vuelta  siguen apareciendo PRUEBAS del descomunal fraude en elecciones al Congreso y no pasa nada. Se√±ores @infopresidencia @FiscaliaCol @PGN_COL @CNE_COLOMBIA ¬°Si no act√∫an se robar√°n tambi√©n las presidenciales! 
#ExigimosEleccionesTransparentes üá®üá¥ https://t.co/a3jbnGSN0V",negative
"@tinagus2000 Evidentemente la persecuci√≥n judicial, la aceleraci√≥n de cosas, las trabas del @cnegobec para la inscripci√≥n , el viaje de la fiscal a Colombia y el papel de otras instituciones influyeron en la victoria de Lasso. Al otro candidato lo desgastaron, mucha antes de las elecciones.",neutral
"@RobinsonBaena Mosca camarada, el uribismo aprovechando las acciones de estos delincuentes quieren desestabilizar Colombia porque se ven perdidos en las elecciones https://t.co/ZN08tBGBax",negative
FRAUDE DE LA IZQUIERDA ANULA LAS ELECCIONES EN COLOMBIA https://t.co/ua35EWyuJn,negative
"Se aplica para las elecciones en Colombia. Si no, miren la hinchada del marxista borracho. https://t.co/74BLE9t913",negative
"Es m√°s que obvio que esa extradici√≥n de #Otoniel m√°s que estrategia para silenciarlo, era la excusa para explotar este #ParoArmado y afectar as√≠ las elecciones, evitar que la gente se mueva a votar masivamente. #Colombia",negative
Haga ‚Äúmatch‚Äù con la elecci√≥n presidencial | EL ESPECTADOR https://t.co/LD3WviiaEz,neutral
"https://t.co/KXwMVRujE7 recomendado, votemos a conciencia. Este app que saco @elespectador le ayuda a ver como sus posiciones se alinean con su candidato. 1/3 #eleccionescolombia2022 #elecciones #colombia",neutral
"https://t.co/XgHuyrM1ZI 
#ElRiesgoEs QUE SE EXTIENDA EL #ParoArmado DE PETRO HASTA LAS ELECCIONES PARA EVITAR QUE COLOMBIA VOTE CONTRA PETRO

PERO, EL PARO ES DEL CLAN DEL GOLFO - OTONIEL

...

CLAN DEL GOLFO TRABAJA PAR EL C√ÅRTEL NARCOTERRORISTA FARC omunes

OSEA SI ES DE PETRO!",negative
"""El uribismo intenta en una carrera contrarreloj sacar adelante en el Congreso una reforma de la ley de traspaso de poder para impedir a la izquierda acceder a informaci√≥n clasificada de seguridad nacional en el caso de llegar al poder"" https://t.co/Uy0NoJrcev v√≠a @elsaltodiario",negative
@MONYRODRIGUEZOF Ojal√° que petrochanda se alej√© de la pol√≠tica cuando pierda las elecciones.por que Colombia siempre ser√° y ganar√° la Democracia.,negative
@JulianFMartinez @DNP_Colombia @aleboterob Estaban esperando el momento preciso. Las elecciones.,neutral
"Hice el ejercicio de la Match Presidencial del @elespectador.

Me gust√≥. Creo que me define ideol√≥gicamente. Lo m√°s importante es que me deja claro por quien no debo votar.

Aqu√≠ les dejo el enlace para que hagan el ejercicio. 

https://t.co/jHXsHZWoDO https://t.co/nJsUylMydh",neutral
"@condeza6 @Gonzalo00333993 @Pura_Miel @Registraduria @CNE_COLOMBIA @moecolombia @PGN_COL Co√±o que porquer√≠a de pa√≠s , acaso la procuradora se revolc√≥ con el registrador y le tomo fotos y videos que la tiene chantajeada o que , que carajos es lo que esa vieja est√° esperando que se forme un mierdero el d√≠a de las elecciones?",neutral
(Elecciones Colombia: ¬øqu√© muestran las m√°s recientes encuestas presidenciales?) publicado en https://t.co/XJ7xIbDAXM - https://t.co/kBmI6ABhaM https://t.co/iDU3rbQpNu,neutral
"@CoronelBillKil1 El tipo m√°s dem√≥crata de Colombia es Petro. No solo le robaron las elecciones de hace 4 a√±os ,sino que el estamento no se ha encargado sino de perseguirlo con sanciones y faltas investigaciones. Todo lo ha ganado Petro",positive
"Ya est√° disponible la entrevista que le hice a mi amigo Agust√≠n Laje sobre las elecciones en Colombia. No se lo pierdan. 
@AgustinLaje
 https://t.co/FeuVfOt4bZ",neutral
#ParoArmado q afecta a Colombia en estos momentos es el abre bocas de lo q se viene con la lacra de Petro cuando pierda las elecciones.,negative
"Actualidad, Elecciones, Manipulaci√≥n Social  y Agenda del Miedo en Colombia. https://t.co/tN0PbrCr22",negative
Procuradur√≠a alerta que 2.925 jurados de votaci√≥n est√°n inhabilitados para elecciones Colombia via @ElColombiano https://t.co/i62hR3wv5r,neutral
"Se√±ores. @PGN_COL

El pa√≠s reclama elecciones transparentes en primera vuelta presidencial el 29 de mayo.

Opini√≥n. @PGN_COL @CNE_COLOMBIA @moecolombia https://t.co/ceSkMa0f3W",neutral
"Luis P√©rez se caracteriza por tener un estilo de ropa colorida y a la medida. En este cap√≠tulo de #ElHilo le contamos qu√© comunica con las prendas que usa el candidato.
https://t.co/BQkQzsF1Mu

#Elecciones2022 #ColombiaDecide https://t.co/qSKzzQgQn2",neutral
"Estos son los tarjetones con los que Colombia ha votado a la presidencia en 28 a√±os:

https://t.co/7jcyCwQuni",neutral
@FicoGutierrez Se√±ores quien creo la AUC en colombia. Ahora se les salieron de las manos o es simplemente una estrategia para ganar las elecciones creando el caso en el pa√≠s y ech√°ndole las culpas a otros. De verdad que somos un pa√≠s donde todo lo olvidamos por eso estamos como estamos.,negative
"Casi 3000 inscritos para ser jurados de votaci√≥n en las elecciones presidenciales est√°n inhabilitados, revel√≥ la Procuradur√≠a https://t.co/XhbXssLCnE",neutral
@CARLOSFMEJIA @infopresidencia @PGN_COL @FiscaliaCol @CNE_COLOMBIA Para que elecciones si el Registrador Va A ponerle Votos  Al hampon del petr√≥ hip√≥critas.,negative
"Episodio 8 - En este nuevo episodio Alicia Eugenia Silva nos plantea una reflexi√≥n,¬†¬†en estas elecciones ¬øel pa√≠s sigue polarizado? o ¬ønace un nuevo bipartidismo en Colombia?¬†https://t.co/HYnK26DpNn via @YouTube",neutral
Uribe y sus aliados siembran zozobra para suspender elecciones en colombia üá®üá¥ https://t.co/wPM7Wft8bo,negative
"Alertan que miles de jurados de votaci√≥n est√°n inhabilitados para estar en las elecciones a Presidente https://t.co/U0B0pSdoT0
via SQUID App https://t.co/HbtsGbArmc",neutral
"@NoticiasCaracol @AlvaroUribeVel el promotor del paramilitarismo en Colombia, se quiere lavar las manos? Como van perdiendo las elecciones, acuden a infundir miedo y muerte, para vender ""paz"". La misma estrategia de siempre. Si hay un Dios, que le de una lecci√≥n a este ser deplorable.",negative
"El Tribunal Administrativo de Cundinamarca neg√≥ la solicitud de suspensi√≥n provisional del Registrador Nacional, Alexander Vega. Sin embargo, decret√≥ unas medidas cautelares para garantizar las elecciones. | A 23 d√≠as para la elecci√≥n presidencial en Colombia, opine. https://t.co/KNA8oitIEa",neutral
Advierten inhabilidades en jurados de votaci√≥n elegidos para elecciones presidenciales  https://t.co/oUCjxiVqOi,neutral
@AlvaroUribeVel No viejito sarnoso ; ya conocemos su accionar ; crea el caos y culpa a tu enemigo pol√≠tico para poderle ganar las elecciones ; ya COLOMBIA sabe c√≥mo act√∫a usted ; paraco hijueputa,negative
"El Consejo Nacional Electoral @CNE_COLOMBIA  envi√≥ concepto jur√≠dico al Tribunal de Cundinamarca en el que pide que no se suspenda al registrador Alexander Vega. 

Seg√∫n el organismo electoral, las elecciones legislativas cumplieron con todas las garant√≠as de transparencia.",neutral
"¬øQu√© es la Ley de Garant√≠as y por qu√© la Corte Constitucional tumb√≥ su reforma?

https://t.co/qRNy77hLm6",neutral
"@ignaziololo1 QUE EL MUNDO CONOZCA LO QUE HACEN PARA MANTENER A LOS MIEMBROSS DEL NOM GOBERNANDO, OJO COLOMBIA QUE TIENE LA MISMA RECETA PARA LAS ELECCIONES DE  MAYO, VAN A QUERER DAR COMO GANADOR AL CANDIDATO DE LA IZQUIERDA, LO MISMO QUE HICIERON EN ELECCIONES PARA SENADORES.",negative
"@vechajol @fredyparada90 @petrogustavo @FicoGutierrez @Rodrigo_LaraS El r√©gimen no permite a alguien diferente les quite el poder, en las elecciones pasadas le robaron las elecciones, pobre Colombia en manos de MATARIFE",negative
"Petro promete reanudar relaciones diplom√°ticas con Maduro si gana elecciones en Colombia
#TalCual #ClaroyRaspao #AmigosDeNuevo 
https://t.co/Kpm7VZPOox https://t.co/KpaZYf7BID",negative
Petro promete reanudar relaciones diplom√°ticas con Maduro si gana elecciones en Colombia #TalCual #ClaroyRaspao #AmigosDeNuevo https://t.co/jlVNjUzyVg,negative
"üá®üá¥El asesino y terrorista @AlvaroUribeVel  
A poco de las elecciones infunden terror en el #colombia como arma pol√≠tica en campa√±a, #ParoArmado el discurso del miedo para mantenerse en el poder por medio de su t√≠tere @FicoGutierrez",negative
"@PaulaAn26992616 @Gmo_Leal Hay que tener mucho cuidado con la sabandija del registrador, nos quiere democratizar las elecciones en nuestras propias narices, ojo Colombia votar masivamente desde temprano por Fico presidente",negative
"Eso le pasa a @sergio_fajardo
por coqueteos con el viejito populista y ""presuntamente"" corrupto..  
https://t.co/O4oszWzKLW",negative
Robar votos y elecciones parece ser lo que est√° de moda a nivel mundial y nadie es culpable. Veamos c√≥mo le va a #Colombia,negative
"@nicolaspetroB @petrogustavo Los paramilirares si que son brutos ignorantes, ven como los ha traicionado el uribismo y siguen arranchados sin querer un cambio en Colombia! Esperemos que el d√≠a de las elecciones no amenazen a los colombianos! Maldito uribismo nos tiene jodidos!",negative
"2.925 jurados de votaci√≥n estar√≠an inhabilitados para estar en las elecciones presidenciales, ¬øpor qu√©? ‚¨á https://t.co/QvDgqo11wV",neutral
COLOMBIA NO HAB√çA VISTO NUNCA UN PAYASO IGUAL. https://t.co/vfogIcbmmR,negative
"Colombia es un pa√≠s olvidado por sus dirigentes , cada dia hay mas hambre , inseguridad y pobreza.  Que lastima que en estas elecciones nos toque escoger una vez m√°s por el menos malo. #nosesalvaninguno #ColombiaVota2022",negative
"Eso sabe   ;)
Adelante #PetroPresidente2022 
https://t.co/xscQ26b62m https://t.co/NIJNT0Sms7",positive
"@JulianRoman @IvanDuque A los Colombianos no le queda otro  camino: Votar contra todo lo que quieren ver a Colombia vuelta un mierdero y perd√≥n por la palabra,pero es lo m√°s decente para describir lo que   convierte un populista dictar,a un pais.antes y despues de elecciones.Atte.Democraciasinmiedo",negative
@ozuismysenpai Pill√° https://t.co/fnZFeKA3fz,neutral
@ozuismysenpai Pill√° https://t.co/fnZFeKA3fz,neutral
"Y ser√° que va a pasar lo mismo en las elecciones para presidente, quien responde, porque hasta ahora ni el presidente @IvanDuque ni la @PGN_COL han hecho nada para destituir a Vega @Registraduria de Colombia https://t.co/FHZYemnQhf",negative
"@RICHENAO El @PactoHistorico de @petrogustavo , a @CNE_COLOMBIA @Doris_MendezC jam√°s los tendr√≠a en Cuenta c√≥mo jurados o vigilantes en unas elecciones",negative
"C√≥mo es posible afirmar que hay democracia en Colombia cuando estamos realizando elecciones a la presidencia en medio de la guerra contra la poblaci√≥n? Como dir√≠a la fil√≥sofa Hannah Arendt, all√≠ donde comienza la violencia, termina la pol√≠tica
#ParenLaGuerra",negative
"@Elecciones_OJO @petrogustavo Usted habla de Uribe, y√≥ estoy hablando del proximo PRESIDENTE de Colombia, le exijo respeto por la primera autoridad del pa√≠s:  FICO PRESIDENTE https://t.co/bmMnu6Di2f",negative
Advierten inhabilidades en jurados de votaci√≥n elegidos para elecciones presidenciales  https://t.co/E29cwaZIts,neutral
#ColombiaDecide | Fajardo les respondi√≥ a quienes le piden un encuentro con Gustavo Petro https://t.co/5IhrL6apo4,neutral
"@WRadioColombia @ernestomaciast Siiii se√±or, a eso es que apunta su Federico y su uribismo .. pero no le van a robar las elecciones a Gustavo Petro Pr√≥ximo presidente de Colombia en primera vuelta !!! üíõüíô‚ô•Ô∏èüá®üá¥",negative
"@Oscarkast13 @palana61 Ser√° que Colombia est√° a punto de vivir en carne propia lo sucedido en las elecciones de los Estados Unidos? 
Que guarden este trino tambi√©n. 
üçøüê∏üçø
ü§£ü§£ü§£",neutral
"@CIA @CorteIDH los grupos terroristas al servicio del NARCOTRAFICO en conjunto con el GOBIERNO DE COLOMBIA gestor de un NARCOGOBIERNO, atentan y violan todos los DDHH con una impunidad absoluta.
Vienen elecciones, y como perdieron credibilidad, siembran terror.
#SOSColombiaDDHH",negative
"Hoy en viernes de entrevistaüòé nuestro cofundador Carlos Jaramillo convers√≥ con nosotros sobre emprendimiento, elecciones 2022 y consejos para los que quieren empezar su empresa en Colombia. L√©ela completa aqu√≠ üëâhttps://t.co/uTedwy2rSf #blog #emprendedor #emprendimiento",positive
"EnerNews | El peso del petr√≥leo en la ruta de los candidatos en Colombia

üëâ https://t.co/8ShA3O33SD

#petr√≥leo #Colombia #Elecciones https://t.co/ipVNfs8Zhv",neutral
@lcvelez @Karlaarcila @NoticiasRCN @rcnradio @NTN24 @lafm Lo grave y en contra de Colombia es q la @FiscaliaCol no act√∫e urgentemente ni la @PGN_COL y debe @FicoGutierrez actuar o nos van a robar las pr√≥ximas elecciones y denuncias penales Para cuando ?,negative
"@jojojorge_ Aqu√≠ lo pod√©s encontrar. 

https://t.co/GZQIklXmNZ",neutral
"¬°Viva Petro!
Colombia | Petro anuncia que si gana restablecer√° las relaciones diplom√°ticas y consulares con Venezuela @InfoNodal https://t.co/VjYoQsWoY1",neutral
"@jbagbam Totalmente, la √∫nica forma de que la izquierda radical gane en Colombia es que se roben las elecciones, ellos lo saben y por eso metieron a este criminal como registrador. Deben echarlo ya antes que sea demasiado tarde.",negative
"Mira esa mierda, osea va a unir Venezuela con colombia el Castrochavismo ""Restableceremos las relaciones diplom√°ticas y consulares con la Rep√∫blica de Venezuela"": Petro https://t.co/nBJ4S67fpK",negative
"Ya no me quedan dudas que el ""paro armado"" fue orquestado desde el Ub√©rrimo! D√≠as paramilitares quemando buses, disparando contra los civiles y todo el terrorismo CON la indiferencia C√ìMPLICE  de @Diego_Molano Y @COMANDANTE_EJC Campa√±a pol√≠tica sangrienta.
https://t.co/99pr8DragM",negative
Se iniciaron los simulacros de las elecciones de presidente 2022 https://t.co/07SWb8GAT1  / @Registraduria,neutral
"En nuestro pa√≠s, siempre se debe pensar mal. Seguro el paro armado, la polic√≠a quieta, todo tan cerca de elecciones. Duque agilizando la extradici√≥n de Otoniel‚Ä¶ en fin. Esto es Colombia.",negative
"#Colombia: ‚ÄúEn un discurso, el aspirante a la Casa de Nari√±o prometi√≥ restablecer las relaciones diplom√°ticas y consulares con #Venezuela, as√≠ como la apertura de la frontera com√∫n que se interrumpi√≥ desde 2015 por orden de Nicol√°s Maduro‚Äù

#Latinoam√©rica https://t.co/vriRjpHlPD",neutral
"Con esto del paro armado y el miedo generado a la poblaci√≥n, solo llego a la conclusi√≥n de para qu√© elecciones si ya sabemos quien gobierna a Colombia.",neutral
"#Marbelle tendr√≠a pensado irse de Colombia si #GustavoPetro gana las elecciones presidenciales

#EsTrending  

https://t.co/ICfHo1us76",neutral
Petro promete reanudar relaciones diplom√°ticas con Maduro si gana elecciones en Colombia https://t.co/l70pcQRXYC,neutral
"#VIDEO Rodolfo Hern√°ndez: ""Fajardo como que ya pas√≥ a la historia"". https://t.co/pSC4N4Q5ZX https://t.co/3RaV9yqwaT",neutral
"Petro promete reanudar relaciones diplom√°ticas con Maduro si gana elecciones en Colombia
#TalCual #ClaroyRaspao #AmigosDeNuevo 
https://t.co/Kpm7VZydwZ https://t.co/xyy0uPwwzZ",negative
"Petro promete reanudar relaciones diplom√°ticas con Maduro si gana elecciones en Colombia
#TalCual #ClaroyRaspao #AmigosDeNuevo 
https://t.co/Kpm7VZydwZ https://t.co/xyy0uPwwzZ",negative
@DianiSierraG @RHpresidente @ingrodolfohdez Se acercan las elecciones del 29 y cada vez nos convencemos m√°s que el mejor candidato para manejar las riendas de Colombia es el Ing. RODOLFO HERNANDEZ https://t.co/GxDWZ8zITM,positive
"#QuienRespondePor
Queman carro de @UNALOficial Universidad Nacional en Santa Fe de Antioquia. El @COL_EJERCITO y la @PoliciaColombia Se escondieron no Act√∫an Parece ser el excenario para una Guerra Civil y as√≠ evitar Elecciones Presidenciales en Colombia @bbcmundo https://t.co/SWEo3DvigS",negative
"#QuienRespondePor
Queman carro de @UNALOficial Universidad Nacional en Santa Fe de Antioquia. El @COL_EJERCITO y la @PoliciaColombia Se escondieron no Act√∫an Parece ser el excenario para una Guerra Civil y as√≠ evitar Elecciones Presidenciales en Colombia @bbcmundo https://t.co/SWEo3DvigS",negative
"A pocos d√≠as de las elecciones presidenciales
las Autodefensas Gaitanistas de Colombia se declaran en Paro Armado hasta el 9 de mayo. El claro desinter√©s social del Gobierno actual, evidenciado en la permisi√≥n de hostigamiento contra los Colombianos.",negative
Rodolfo Hern√°ndez: ‚ÄúFajardo como que ya pas√≥ a la historia‚Äù https://t.co/46LHuywOBq,neutral
Comenzaron los simulacros de las elecciones de Presidente y Vicepresidente de 2022 en Colombia https://t.co/DVamXNXiGC,neutral
"@eduardomackenz1 @Ikahouvanjou Un robo a las elecciones, a favor de Petro, es casi una declaratoria de guerra civil y cat√°strofe, para todos. @CNE_COLOMBIA @Registraduria
@PGN_COL
@COMANDANTE_EJC @COL_EJERCITO @IvanDuque @mindefensa https://t.co/elAeUTvqhz",negative
"@roseupe24 @gestupra @PGN_COL @IvanDuque @FiscaliaCol Un robo a las elecciones, a favor de Petro, es casi una declaratoria de guerra civil y cat√°strofe, para todos. @CNE_COLOMBIA @Registraduria
@PGN_COL
@COMANDANTE_EJC @COL_EJERCITO @IvanDuque @mindefensa https://t.co/elAeUTvqhz",negative
"@roseupe24 @gestupra @PGN_COL @IvanDuque @FiscaliaCol Un robo a las elecciones, a favor de Petro, es casi una declaratoria de guerra civil y cat√°strofe, para todos. @CNE_COLOMBIA @Registraduria
@PGN_COL
@COMANDANTE_EJC @COL_EJERCITO @IvanDuque @mindefensa https://t.co/elAeUTvqhz",negative
"@jarizabaletaf Un robo a las elecciones, a favor de Petro, es casi una declaratoria de guerra civil y cat√°strofe, para todos. @CNE_COLOMBIA @Registraduria
@PGN_COL
@COMANDANTE_EJC @COL_EJERCITO @IvanDuque @mindefensa https://t.co/elAeUTvqhz",negative
"Como un miembro del paro armado agrde he intimda a un ciudadano de bien!!
@FicoGutierrez @IvanDuque 

Que los colombia en las pr√≥ximas elecciones vamos por el cambio @petrogustavo 

@NoticiasCaracol @juanmanuelgalan @QuinteroCalle @sergio_fajardo @elcolombiano @NestorMoralesC https://t.co/UqxbS3tmW8",negative
"Mi match electoral no puede ser m√°s cierto üòÇü•∞ @sergio_fajardo  ¬°vamos con toda! üíö #MatchElectoral  

Para conocer qui√©n ser√≠a su match m√°s acorde a sus posturas econ√≥micas y sociales para la presidencia: https://t.co/Hb5yhh8elH y mandan fotico a ver que les sale ü§©üßê https://t.co/NG4X9fRwCa",positive
Colombia no se merece otras elecciones con este registrador. https://t.co/rO1GcxxYzi,negative
"#COLOMBIA: Si vas a cubrir las elecciones necesitas un plan de comunicaci√≥n. 

Alerta r√°pidamente a los dem√°s si algo te ha sucedido y proporciona toda la informaci√≥n necesaria para poner en marcha una respuesta adecuada.  @ACOSalliance 

Encu√©ntralo aqu√≠: https://t.co/b7OZvGdeDc https://t.co/420CLbD7Ur",neutral
"gobernante mas nefasto en la historia de colombia! 90% desaprobaci√≥n 
@IvanDuque te recordaremos el dia de las elecciones no permitir otro URIBISTA mas en el poder @FicoGutierrez con el historial mas oscuro y aliado de los que tiene el pais en paro!con su comandate y jefe politi https://t.co/canlQ2Fbc5",negative
"¬øVamos a terminar en que para subirse al Metro de Medell√≠n, al bus de Envigado, al Transmetro de Barranquilla o al avi√≥n de Avianca habr√° que demostrar el voto por alias ""Fico""?

https://t.co/f7CDOrUAEd",negative
Procuradur√≠a alerta que 2.925 jurados de votaci√≥n est√°n inhabilitados para elecciones Colombia via @ElColombiano https://t.co/lCdwAtuKoM,negative
"#Pol√≠tica #Colombia | Uno de los veh√≠culos portaba en su parabrisas un distintivo que lo identificaba como parte de la Alcald√≠a de Medell√≠n.
https://t.co/LDYchqsr08",neutral
"@lcvelez #ElRiesgoEs que TibisayVega en la @Registraduria y @CNE_COLOMBIA vayan a robarse las elecciones nuevamente y que @IvanDuque, @FiscaliaCol y @PGN_COL no hagan  un üçë",negative
"gobernante mas nefasto en la historia de colombia! 90% desaprobaci√≥n 
@IvanDuque te recordaremos el dia de las elecciones no permitir otro URIBISTA mas en el poder @FicoGutierrez con el historial mas oscuro y aliado de los que tiene el pais en paro! Su comandate @AlvaroUribeVel https://t.co/SeJtRYJOV6",negative
"Viv√≠ de cerca el CAMBIO de Venezuela.

Fue el pais m√°s rico de Am√©rica Latina, hoy su econom√≠a est√° destruida.

A punta de decretos acaban connlas empresas  y la que sobrevive la expropian.

Colombia es anticomunista y lo demostraremos en las pr√≥ximas elecciones.",negative
Lo he analizado toda la ma√±ana y verdaderamente la √©poca de elecciones en Colombia es TERROR√çFICA.,negative
@Abogado_JorgeEH @dica7810 @Jesus74502271 @FicoGutierrez ¬øEn qu√© pa√≠s vive?¬øHabla de las elecciones en Colombia?,neutral
@MariaFdaCabal y para distraer de las elecciones d√≥nde Colombia eligi√≥ ya Presidente 2022-2026 @FicoGutierrez https://t.co/3fcppGX1EY,neutral
"‚ÄúPetro ha hecho oferta de indulto a nombre de los narcos. Tiene que aclarar ese negocio‚Äù. Incluso afirma que ‚Äúel Caballo de Troya del narcotr√°fico en las elecciones en Colombia es Gustavo Petro y su jinete es Iv√°n Cepeda‚Äù
@AndresPastrana_ https://t.co/ypGm6I2Mxt",negative
Elecciones en Colombia: el silencio que decidir√° al ganador https://t.co/lHH5JFvDd9,neutral
"Y ustedes ¬øYa encontraron su #MatchPresidencialüíúLo pueden hacer ac√°: https://t.co/0E1tZKypTK

¬°Nos gustar√≠a saber qui√©n es su candidato ideal! 
Los leemos en los comentarios üëá https://t.co/H11SB9EsBV",positive
"@lafm @lcvelez @darcyquinnr 
Con esta mafia en la @Registraduria y el riesgo que me ROBEN.
Exijo el derecho a tomar foto o hacer video de mi votaci√≥n el d√≠a de las elecciones.
@ProcuraduraCol1 @FiscaliaCol @CNE_COLOMBIA",negative
".@odonnellmaria y @ertenembaum entrevistan a Francia M√°rquez, candidata a vicepresidenta en la f√≥rmula de Gustavo Petro para las elecciones presidenciales de Colombia. La cita, este s√°bado a las 9 P.M. (Miami), 10 P.M. (Buenos Aires) en #Conecta2 https://t.co/kafAFBTPv2",neutral
"#Colombia #Petro anuncia que reanudar√° las relaciones con Venezuela. Colombianos si quer√©is que el salario m√≠nimo de Colombia baje a los 2 d√≥lares al mes como en Venezuela, por debajo del umbral de pobreza (1,75 d√≥lares/d√≠a) vuestro candidato es #Petro.
https://t.co/LpgzfWPvN7",negative
"@CARLOSFMEJIA @infopresidencia @PGN_COL @FiscaliaCol @CNE_COLOMBIA As√≠ es.
Es lo correcto.
Hacer bien las elecciones.
Esa es democracia.",positive
"Petro dice que las elecciones se ganan con los jurados, el pueblo es lo de menos para los comunistas.
Los que cuentan los votos deciden presidente en Colombia, pasamos a ser un estado fallido desde que Santos entreg√≥ el pa√≠s al terrorismo.",negative
"El robo de las elecciones ya est√° consumado

@petrogustavo #PactoDeLaPicota frentes judiciales @asonaloficial @Registraduria @CNE_COLOMBIA @fecode tienen todo listo 

https://t.co/mCQRwNyUGS",negative
¬°Es indignante lo que ocurre en Colombia! Estamos ante un fraude electoral y nuestro registrador sigue en el cargo. #ElRiesgoEs no repetir las elecciones y tener un Congreso ileg√≠timo. https://t.co/lxMRgs9kPo,negative
¬°Es indignante lo que ocurre en Colombia! Estamos ante un fraude electoral y nuestro registrador sigue en el cargo. #ElRiesgoEs no repetir las elecciones y tener un Congreso ileg√≠timo. https://t.co/lxMRgs9kPo,negative
"@Marbelle30 Imag√≠nense que Colombia est√° tan llevada del P... que petro ganar√° las pr√≥ximas elecciones presidenciales, la gente est√° mamada, cansada del uribismo como les parece pues , en medio del desespero de siempre  lo mismo y nada de progreso,  prefieren la incertidumbre con petro .",negative
@CARLOSFMEJIA @gabriel_donado @infopresidencia @FiscaliaCol @PGN_COL @CNE_COLOMBIA El pueblo colombiano deber√≠a pararse la raya y exigirle al gobierno q hasta q no s√© garantice imparcialidad en la registradur√≠as no se efectuar√°n elecciones es mejor esperar unos d√≠as unos meses y no un r√©gimen esclavizante d por vida con el dolor de q fue un fraude de traidores https://t.co/u0MehMoPjA,negative
"#Mundo Gustavo Petro, candidato presidencial de Colombia, ratific√≥ que de salir victorioso en las elecciones del 29May retomar√° las relaciones con Venezuela.

La propuesta fue aplaudida por sus seguidores. ""Es lo m√°s recomendable"" para esta regi√≥n latinoamericana, dijo. #6Mayo https://t.co/OmS5zk5lcd",negative
"El Liverpool del colombiano Luis Di√°z disputar√° la final de la Champions League el 28 de mayo, justo un d√≠a antes de las elecciones en Colombia. https://t.co/zpfUPNuImf",positive
"@RevistaSemana El tema es que qui√©n lo dice, es el mayor delincuente de la historia de Colombia, ¬øC√≥mo le van a robar elecciones al l√≠der de la corrupci√≥n en Colombia?",negative
"#Elecciones2022
En Comit√© de Seguimiento Electoral de cara a las elecciones del 29 de mayo nuevas conclusiones y peticiones. @MagdalenaGober
@SantaMartaDTCH
@Registraduria
@CNE_COLOMBIA
üëá
‚ÄúLa Democracia es un compromiso de todos‚Äù: @rmontoyai  Infante https://t.co/f3XcwEB599",neutral
"@CARLOSFMEJIA @Asdrubal1518 @infopresidencia @FiscaliaCol @PGN_COL @CNE_COLOMBIA Deben suspender elecciones, no es correcto prestarse a un fraude",negative
"@PGN_COL @RedMasNoticias @NoticiasCaracol @NoticiasRCN @elespectador @ElNuevoSiglo @AtlanticoEmi @larepublica_co @elheraldoco @RevistaSemana @BluRadioCo Las elecciones en Colombia fueron un fraude debe anularlas y las de presidencia deben aplazarlas no hay GARANT√çAS, hubo un PACTO DE ROBO Y ATRAC√ì AL PAIS",negative
"@MONYRODRIGUEZOF por que no pide la renuncia del registrador despu√©s del fraude que cometi√≥ en las elecciones? o por que no pide la renuncia del KK‚Äôs frente a las visitas de la picota, compra de votos o infiltraciones de la campa√±a? Celebra usted la corrupci√≥n y ataca quienes defienden Colombia",negative
"El candidato presidencial del Pacto Hist√≥rico retom√≥ su actividad en tarimas, a pesar de las amenazas que denunci√≥ esta semana. C√∫cuta y Valledupar son las ciudades en las que reanud√≥ su agenda.
https://t.co/kDmmaQuF1v",positive
ESTO ES LO QUE LE ESPERA A COLOMBIA üá®üá¥ SI PETRO GANA LAS ELECCIONES SU PROPIEDAD Y LA DE TODOS LOS COLOMBIANOS SER√ÅN QUEMADOS SUS PROPIEDADES  EXPROPIADAS OJO COLOMBIA üá®üá¥  https://t.co/FwhicXJj3D,negative
ESTO ES LO QUE LE ESPERA A COLOMBIA üá®üá¥ SI PETRO GANA LAS ELECCIONES SU PROPIEDAD Y LA DE TODOS LOS COLOMBIANOS SER√ÅN QUEMADOS SUS PROPIEDADES  EXPROPIADAS OJO COLOMBIA üá®üá¥  https://t.co/FwhicXJj3D,negative
Ya se est√° fraguando y activando el aplazamiento de las elecciones del 29 de mayo y la se√±al del golpe de estado al futuro presidente de Colombia @petrogustavo https://t.co/8QAY3qoSZA,negative
"@BOLIBAR2 @Registraduria @AndresPastrana_ @AlvaroUribeVel @santiagoangelp Tibisay Lucena colombiana @CNE_COLOMBIA @Doris_MendezC afirm√≥ que el corrupto @Registraduria actu√≥ de manera ""transparente"" en Las pasadas elecciones de congreso, ya sabemos lo que nos espera el 29 de Mayo, recuerde @CNE_COLOMBIA es petrista",negative
"@CostaNoticiasTV @ibmtw2010 @CarrillonavasG @AliRestrepo @duvanedo @cecollm @ALFREDOHANS1 @ricardoansal @Iadossa @Gilbert_Olarte @lacoutu @pedrosoto785 @pasionpais COLOMBIA A PORTAS DE PERDER LA DEMOCRACIA LIBERTAD 
SI ESTA ESE REGISTRADOR PR√ìXIMAS ELECCIONES 
ENTES DE CONTROL GIBIERNO 
SILENCIO SEPUCRAL 
EL GOBIERNO PASARA A LA HISTORIA COMO EL DEJO PERDER EL PAIS DEMOCRACIA Y LIBERTAD DE LOS COLOMBIANOS. 
SI NO HACE NADA Y PERMITE ESTADIA",negative
"Se√±or @AlvaroUribeVel asfixiado hasta mas no poder, sembrando terror social en la costa, sepa que Colombia despert√≥ y esta es la misma payasada de 1 mes antes de elecciones. Firmes con Petro, un cambio por la VIDA",negative
@CARLOSFMEJIA @LinceYos @infopresidencia @FiscaliaCol @PGN_COL @CNE_COLOMBIA Ustedes los uribestias los que pretendieron robarse las elecciones. Hampones,negative
#Colombia #Elecciones #Discriminacion Colombianos inconcebible. Regustraduria niega a mayores de 60 a√±os ser Jueces en las elecciones. . Colombianos en Miami pusimos  una TUTELA. Los mayores de 60 tenemos derechos que hace siglos les negaban a las mujeres y los afros. Ap√≥yanos,negative
"As√≠ reaccionaron algunos candidatos al alza de la #inflaci√≥n Variaci√≥n anual del IPC lleg√≥ a 9,23% en abril, inform√≥ el @DANE_Colombia . Esto dijeron los aspirantes a la Presidencia sobre el dato, el m√°s alto en 21 a√±os. https://t.co/KkxlGRIPCi via @Portafolioco",negative
"As√≠ reaccionaron algunos candidatos al alza de la #inflaci√≥n Variaci√≥n anual del IPC lleg√≥ a 9,23% en abril, inform√≥ el @DANE_Colombia . Esto dijeron los aspirantes a la Presidencia sobre el dato, el m√°s alto en 21 a√±os. https://t.co/KkxlGRIPCi via @Portafolioco",negative
@NanoC40 @juliomario55555 @CARLOSFMEJIA @infopresidencia @FiscaliaCol @PGN_COL @CNE_COLOMBIA Oigan a esteeee!!! En esas elecciones no hubo uno solo...,negative
"Sin importar la orilla pol√≠tica en la que se est√©, es preciso reconocer que √Ålvaro Uribe ha sido el que les dio forma a los √∫ltimos 20 a√±os de la pol√≠tica colombiana. 

#ContenidoPremiumEE #Elecciones2022 
https://t.co/tVxPTMLkC2",neutral
"@PGN_COL @JuanchoVela @RedMasNoticias @NoticiasCaracol @NoticiasRCN @elespectador @ElNuevoSiglo @AtlanticoEmi @larepublica_co @elheraldoco @RevistaSemana @BluRadioCo #ExigimosEleccionesTransparentes  el registrador Vega debe ser investigado y apartado del cargo por lo sucedido en las elecciones del 13 de marzo.

@CNE_COLOMBIA ,@PGN_COL y @Registraduria deben ser garantes de la democracia.",negative
"NOTICIA COLOMBIA üì¢
El Tribunal Administrativo de Cundinamarca niega la medida cautelar que pretend√≠a suspender al registrador nacional Alexander Vega, previo a las elecciones presidenciales. Dice el Tribunal que esa decisi√≥n es competencia de la Procuradur√≠a General de la Naci√≥n https://t.co/0b0KUTnirC",neutral
"@bpmacias @PaulaBayarte @InesAmarelo @JavierCBugarin @carlasamon üá®üá¥ Un posible atentado contra el candidato Gustavo Petro preocupa a Colombia a tres semanas de las elecciones. üó≥

https://t.co/u7OwKlgtiA https://t.co/4vI8OFEnwS",negative
"Senador da por sentado que se comete un flagrante  fraude en algo tan cr√≠tico para el futuro de Colombia como las elecciones del Congreso y no se puede hacer nada? Solo est√°n ustedes para hablar legislar No deben dignificar, hacer respetar el Legislativo y defender la PatriaO NO? https://t.co/9beqop9fPU",negative
"Senador da por sentado que se comete un flagrante  fraude en algo tan cr√≠tico para el futuro de Colombia como las elecciones del Congreso y no se puede hacer nada? Solo est√°n ustedes para hablar legislar No deben dignificar, hacer respetar el Legislativo y defender la PatriaO NO? https://t.co/9beqop9fPU",negative
"üá®üá¥üóûÔ∏èJunto a m√°s de 30 organizaciones y colectivas defensoras de derechos humanos convocamos al primer debate feminista de cara a las elecciones presidenciales de Colombia del 29 de mayo de 2022.

#EleccionesColombia2022 #HablemosDeLasElecciones2022 #EleccionesPresidenciales2022 https://t.co/B4sjlQ59aC",neutral
"@SANTAMARIAURIBE @Registraduria La Registradur√≠a Colombia est√° manejada por el gobierno, as√≠ que si hay una organizaci√≥n criminal es del mismo gobierno, ahora que les ""sali√≥ el tiro por la culata"" es otra cosa. 
As√≠ que cu√°l repetir elecciones, no sea c√≠nico.",negative
"Lo que me queda claro con este video es que los jurados de votaci√≥n en las elecciones pasadas eran petristas.
Para las proximas elecciones presidenciales el @CNE_COLOMBIA y la @Registraduria debe garantizarnos que los jurados todos no sean de la izquierda.
#FicoUneAColombia https://t.co/jPUpwZzQCq",negative
"El r√©gimen totalitaro uribista que rige e impera en la 'exrep√∫blica' de Colombia, est√° imponiendo sus actos terroristas en todo el pa√≠s para decretar estado de sitio y no permitir elecciones presidenciales el 29 de mayo. Quieren aplazarlas.",negative
"@lut_gonzalez @SoyAlejoGomez @Diegolizarazol @petrogustavo @sergio_fajardo Exacto, con gente como fajardo que solo le importan sus propios intereses la que resulta quemada es colombia, o mire como nos fue con Duque.

Por eso digo que desde el 2018 esta quemado para estas elecciones, el pueblo no olvida.",negative
"No sabe por qui√©n votar el pr√≥ximo 29 de mayo, vea est√° buena herramienta de @elespectador @fundacionFESCOL  y @cifrasyconcepto  Clave una vez haga ""match"" entre y conozca m√°s de su posible candidato.  https://t.co/sjy3HgovbL",neutral
"@correawilly @CNE_COLOMBIA Le√≠do los documentos provenientes de cada circunscripci√≥n territorial y de la internacional, se declar√≥ el resultado de la C√°mara por circunscripci√≥n internacional y se recibieron m√°s de 1000 solicitudes y reclamaciones respecto de elecciones de Senado y C√°maras √©tnicas, ‚Ä¶",neutral
Sudam√©rica quiere cambios en paz; ojal√° se respete la voluntad de los pueblos de la Patria Grande =&gt; Colombia | Petro anuncia que si gana restablecer√° las relaciones diplom√°ticas y consulares con Venezuela - NODAL https://t.co/VGVSbMghEb,neutral
"@ElDelMedallo @teffygiraldo06 Y va subiendo la tasa de asesinatos en Colombia, con el nuevo terrorismo pre elecciones. ¬°NO SON BUENOS D√çAS!",negative
"@ElDelMedallo @teffygiraldo06 Y va subiendo la tasa de asesinatos en Colombia, con el nuevo terrorismo pre elecciones. ¬°NO SON BUENOS D√çAS!",negative
Willian Malkun gan√≥ elecciones a rector√≠a de la UniCartagena https://t.co/MDWRzjblpu #CartagenadeIndias #Bol√≠var #Universidadesp√∫blicas #Colombia https://t.co/6u4RQyNBKj,neutral
"Peri√≥dico de William Velez Sierra Match presidencial: descubra su candidato ideal para las elecciones en Colombia | El Espectador https://t.co/1nISuNbpGp, see more https://t.co/dMgANevJFy",neutral
@RICHENAO Al que sabemos le dir√© que es muy bueno hacer una auditor√≠a Internacional para elecciones en Colombia. Una de las empresas del se√±or Luis Carlos Sarmiento √Ångulo tiene el software de la Registradur√≠a Nacional.,negative
"Los q apoyan a terroristas, bravos con RCN porq muestra a Colombia su verdadera cara siniestra. Es q la realidad hay q mostrarla, son asesinos que nos quieren gobernar https://t.co/SSyfXEHYXy",negative
"Colombia, el pa√≠s donde la izquierda por practicar su credo religioso le hace  esc√°ndalo al presidente pero se roban la elecciones y todo tranquilo",negative
"Que muestren un inventario de las m√∫ltiples obras a lo largo de Colombia con sus respectivos ""contratos"" y fechas de aprobaci√≥n e iniciaci√≥n para ver si concuerdan con la gigante emisi√≥n de mermelada del presidente Iv√°n Duque antes de las elecciones
https://t.co/zq9GIbZzwz",negative
Ante la inminente caida del r√©gimen asesino y criminal impuesto por los uribistas en Colombia y el cambio de poder. El establecimiento est√° dispuesto a realizar hechos violentos y de terror que impacten a nivel nacional y poder decretar estado de conmoci√≥n y aplazar elecciones.,negative
"#ElRiesgoEs  üá®üá¥
‚ûñ‚ûñ‚ûñ
1.- permitir que llegue al poder el comunismo y el socialismo del siglo XXI.
2.- no votar en conciencia.
3.- la compra de conciencias d√©biles‚Ä¶ muy d√©biles.‚ùå

#Colombia #Medell√≠n #Elecciones #Pol√≠tica @LaFM @darcyquinnr @lcvelez @FicoGutierrez @ifmnoticias",negative
"Esto est√° incre√≠ble. Saca la conversaci√≥n de los personalismos y pone el debate sobre las ideas y la afinidad ideol√≥gica, gente. Entr√©nle a este match pol√≠tico de @fundacionFESCOL. Espectacular @Saruy üëèüèæüëèüèæüëèüèæüëèüèæ https://t.co/0tyZdteu0Z",negative
"#ElRiesgoEs que se roben las elecciones, gane Petro y Colombia üá®üá¥ pierda la democracia!",negative
"""Los destinos de Colombia y de Venezuela van por la misma senda, hasta se parecen a sus gobernantes, porque no hay nada m√°s parecido a Maduro en Colombia que Duque"", asegur√≥.
https://t.co/ajUujVFnF5",negative
"En Colombia los amigos de @AlvaroUribeVel haciendo de las suyas!
Recuerden que hace falta 23 d√≠as para las elecciones y necesitan vender el cuento de la seguridad democr√°tica a sangre y fuego. https://t.co/Zr9BgNQys8",negative
#QuienRespondePor la afirmaci√≥n de Sanchez Cristo de que Francia es la Vicepresidenta de Colombia ?. Hasta donde se las elecciones son el pr√≥ximo 29. Que no te traicione tal facilmente el subconsciente,negative
"@lcvelez El mayor riesgo en las elecciones est√° en la misma  @Registraduria el @CNE_COLOMBIA los jurados, los supuestos delegados internacionales  que trajeron a favor de ellos, y de remate la misma Registraduria descarada haci√©ndole campa√±a a los que ofrecen el supuesto cambio ü§¶üèª‚Äç‚ôÄÔ∏è https://t.co/Xghmj77P1S",negative
"@lcvelez El mayor riesgo en las elecciones est√° en la misma  @Registraduria el @CNE_COLOMBIA los jurados, los supuestos delegados internacionales  que trajeron a favor de ellos, y de remate la misma Registraduria descarada haci√©ndole campa√±a a los que ofrecen el supuesto cambio ü§¶üèª‚Äç‚ôÄÔ∏è https://t.co/Xghmj77P1S",negative
@lcvelez Las elecciones deber√≠an estar suspendidas hasta tanto no nos den garant√≠as con un nuevo registrador. Colombia y aparece Nicaragua o Venezuela forzados a aceptar elecciones chambonas para beneficiar a @petrogustavo,negative
"No hab√≠a ca√≠do en cuenta que el lunes 30 de mayo es puente festivo, se pueden perjudicar las elecciones, por favor no viajen ese d√≠a, salgan a votar juiciosos que si no votan se monta Petro!! Pilas Colombia, a ser responsables!!",negative
"Colombia depende de renuncia/destituci√≥n de Alexander Vega de @Registraduria, y de auditor√≠a imparcial que contrate @CNE_COLOMBIA (que lo dudo), fraude ocurrido en pasadas elecciones es de registrarlo en historia de Colombia, estas 2 instituciones dejan mucho que pensar.",negative
"Gracias a los Acuerdos de paz de La Habana en 2018 Colombia tuvo las elecciones m√°s pac√≠ficas de su historia. 

Uribismo nos devolvi√≥ a elecciones en medio de guerra, paros armados y violaciones masivas a los ddhh.",negative
"üá®üá¥ QUE COMIENCE EL SHOW
COLOMBIANO (CAMINO A ELECCIONES PRESIDENCIALES EN COLOMBIA).

A 23 dias para la primera ronda presidencial, se devela el pacto que hay detras.

https://t.co/ugZhjFXZOD",negative
"La @PGN_COL haciendo la tarea de la @Registraduria a pesar del creciente presupuesto va ""de para atr√°s"".. M√°s irregularidades y Alexander Vega a 23 d√≠as de las elecciones presidenciales sigue atornillado al cargo ¬ø@CNE_COLOMBIA @FiscaliaCol? @CaracolRadio https://t.co/J8U66CXgzI",negative
üá®üá¥ La calificadora de riesgos le mantuvo a #Colombia su calificaci√≥n crediticia confiando en que su estabilidad macroecon√≥mica se mantendr√° una vez elija nuevo presidente: https://t.co/Ajf3jcFhdX,positive
@pepajla @PGN_COL @CNE_COLOMBIA @infopresidencia este se√±or Vega debe ser apartado del cargo por el bien de la democracia y las elecciones del 13 de marzo est√°n en entredicho por tantas anomal√≠as por lo que no deben ser v√°lidas,negative
"@jarizabaletaf Pasan los dias ah√≠ est√°  @Registraduria con el Registrador Alexander Vega qu√© horror y la @PGN_COL NADA hace
a 15 d√≠as de las Elecciones 
Presidenciales.
A pesar Dr Todo Tengo la conviction qu√© @FicoGutierrez es nuestro pr√≥ximo Presidente de Colombia 2.022-2026",negative
"Dime tus posturas pol√≠ticas y te dir√© si podemos seguir siendo Amix. Para conocerlas, te invito a hacer el #MatchElectoral aqu√≠: https://t.co/3V4sEAcK5R

Mi resultado es este. 
¬øQuieres seguir siendo mi ami? ü•π https://t.co/bFnq2ROy0u",neutral
"Las preguntas de #MatchPresidencial fueron dise√±adas espec√≠ficamente para el contexto pol√≠tico actual en Colombia de cara a las elecciones presidenciales en 2022.

#Elecciones2022  #ColombiaDecide 

https://t.co/nmnB4UprVU",neutral
Esta inversi√≥n en pauta publicitaria que puede ser decisiva en el momento de las elecciones y que pueda variar resultados se hace bajo la mirada complice de @GoogleColombia que a nivel global tiene pol√≠ticas publicitarias que extra√±amente no se siguen en Colombia.,negative
"#Elecciones2022 La variaci√≥n anual del IPC lleg√≥ a 9,23% en abril, seg√∫n el informe presentado por el @DANE_Colombia. 

Esto dijeron los aspirantes a la Presidencia sobre el dato, el m√°s alto en 21 a√±os ‚û°Ô∏è https://t.co/3LdhHDRL0M https://t.co/lpZU4PtSEO",negative
En este momento en colombia estamos viviendo un terrorismo de estado asusado por matarife y sus secuases como parte de la estrategia de da√±ar las elecciones https://t.co/Gys3ceyEYs,negative
"Colombia. Pa√≠s de las jugaditas...

Con o sin Ley de garant√≠as el Uribismo siempre ha encontrado y encontrar√° la manera de ama√±ar elecciones y comprar votos.",negative
"@GustavoBolivar Debieran inventar algo diferente est√°n igual que Ch√°vez y Maduro cada vez que vienen elecciones inventaba guerras con Colombia, que hab√≠a intereses en matarlo y ustedes igualito inventan enfermedades, atentados etc, etc.",neutral
"@UltimaHoraBLU Casi 2 millones de votos enredados, miles de jurados votando doble, pero para el Tribunal eso no fue suficiente. OJO COLOMBIA A VOTAR por @FicoGutierrez nada de salir de puente, paseo, ni pereza porque se van a robar las elecciones y mas f√°cil les queda si votamos pocos. @ghitis",negative
"EL √≥rgano de control evaluar√° los hechos para garantizar la idoneidad de los jurados de votaci√≥n y lograr unas Elecciones Transparentes.üëá

https://t.co/jWAc4byuUL",positive
"@MariaFdaCabal Fuera ""Indra"" de Colombia üá®üá¥ ha participado en el desarrollo de elecciones en  Noruega, Francia, Eslovenia, Portugal, Italia, Estados Unidos, Argentina,Bolivia Angola,Argentina, Colombia entre otros, ofreciendo todo tipo de servicios electorales pero a favor de la izquierda üëà",negative
"@MariaFdaCabal Fuera ""Indra"" de Colombia üá®üá¥ ha participado en el desarrollo de elecciones en  Noruega, Francia, Eslovenia, Portugal, Italia, Estados Unidos, Argentina,Bolivia Angola,Argentina, Colombia entre otros, ofreciendo todo tipo de servicios electorales pero a favor de la izquierda üëà",negative
@CNE_COLOMBIA No se roben las elecciones para favorecer al bandido guerrillero Petro.,negative
@twitneetor @ELTIEMPO @infopresidencia @PGN_COL @FiscaliaCol @CNE_COLOMBIA Tan transparentes como las de las elecciones pasadas?,negative
@twitneetor @ELTIEMPO @infopresidencia @PGN_COL @FiscaliaCol @CNE_COLOMBIA Tan transparentes como las de las elecciones pasadas?,negative
"Fuera ""Indra"" de Colombia üá®üá¥ ha participado en el desarrollo de elecciones en  Noruega, Francia, Eslovenia, Portugal, Italia, Estados Unidos, Argentina,Bolivia Angola,Argentina, Colombia entre otros, ofreciendo todo tipo de servicios electorales pero a favor de la izquierda üëà",negative
"Las mayor√≠as gobiernistas en el Congreso sabian que modificar la Ley de Garant√≠as era contrario a la Constituci√≥n, a√∫n as√≠ aprobaron modificarla para meter billones de pesos del presupuesto p√∫blico a elecciones a trav√©s de convenios interadministrativos.

https://t.co/GysrfVSBSo",negative
"#NarcotraFICO se tom√≥ a Colombia para impedir las elecciones 2022/2026

https://t.co/oa14iGRkwJ https://t.co/1bUQEGwhWh",negative
"https://t.co/GjKOUcumKE ""8 a√±os de desolacion.masacres, desplazamientos,  despojos , hambruna generalizad;21 millones de colombianos con hambruna,sin salud,sin trabajo digno.Colapso total del uribismo.",negative
En la era duque una era de violencia terrible su favoravilidad est√° en un 17% Q se reflejar√° este 29 de mayo creo que ser√°n las elecciones m√°s votadas de la historia de Colombia seg√∫n lo que escucho votar√°n  ‚ùå personas que jam√°s en su vida an votado y creo Q ser√° por el cambio,negative
@MafeCarrascal Hola @MafeCarrascal que pena que nunca pudimos dialogar con usted sobre las elecciones en #Colombia. Ya encontraremos pol√≠ticos que quieran hablar para la comunidad de colombianos en Ecuador que a sido siempre olvidada por el estado Colombiano.,negative
"üá®üá¥ ¬øQu√© pasar√≠a en un ballotage entre @petrogustavo
y @FicoGutierrez?

üîç A un mes de las elecciones que definir√°n el futuro del pa√≠s, le preguntamos a 3 mil colombianos y colombianas y este es el resultado  üëá

https://t.co/Gsqqol98zk https://t.co/QDX164ZE9U",neutral
"@RenataSokolov A ustedes, la derecha, buscando alterar el orden p√∫blico para suspender elecciones y perpetuar el r√©gimen de terror que pretende amedrentarnos...pero Colombia dijo no m√°s y con Petro ganaremos en primera vuelta.",positive
"Insisto...el peor enemigo de la llamada #Derecha en #Colombia es la misma ""Derecha""...
Llegar DIVIDIDOS a las elecciones PRESIDENCIALES, No me parece la mejor t√°ctica, para enfrentar al #PapilomaHumano 
Seg√∫n la posici√≥n de los Astros, podr√≠a ser Desastroso para el #29Mayo https://t.co/jv4cmhH9mv",negative
"Insisto...el peor enemigo de la llamada #Derecha en #Colombia es la misma ""Derecha""...
Llegar DIVIDIDOS a las elecciones PRESIDENCIALES, No me parece la mejor t√°ctica, para enfrentar al #PapilomaHumano 
Seg√∫n la posici√≥n de los Astros, podr√≠a ser Desastroso para el #29Mayo https://t.co/jv4cmhH9mv",negative
"#ParoArmado
Colombia ZONA ROJA 
Por elecciones
La madre de la Violencia en Colombia no quiere entregar el poder al PUEBLO
√Ålvaro Uribe V√©lez TERRORISTA",negative
"@AABenedetti @petrogustavo Es el mismo cuento,el mismo libreto,la misma pel√≠cula,cada mayo v√≠spera de elecciones el kakas se inventa que lo van a matar,y s√≠, despu√©s lo matan pero en las urnas, Colombia le ha dicho 3 veces que no, que siga participando,y est√© A√±o no va a ser la excepci√≥nJAM√ÅSSER√ÅPRESIDENTE",negative
"@PGN_COL @RedMasNoticias @NoticiasCaracol @NoticiasRCN @elespectador @ElNuevoSiglo @AtlanticoEmi @larepublica_co @elheraldoco @RevistaSemana @BluRadioCo Y el Registrador sigue ah√≠ tan campante???? Y las elecciones legislativas ?? Ay mucha evidencia y no pasa nada @PNG_COL, es una verg√ºenza una burla la justicia en Colombia es un üí©üí©üí©üí©üêÄüí©üêÄ",negative
"Lo peor que le puede pasar a Colombia son las elecciones. Sacan lo mas feo de muchas personas, la intolerancia, el individualismo, la manipulaci√≥n, etc.

Voy a tener que limpiar mi twitter porque ya me cans√©. 

No hay cuerpo que lo resista!",negative
"@CARLOSFMEJIA @infopresidencia @FiscaliaCol @PGN_COL @CNE_COLOMBIA ¬øFraude?
Buscan fraude donde no lo hay 
A lo Donald Trump
¬øQue es lo que vienes?
¬øLos borregos burribistas asaltando al congreso si pierden las elecciones?",negative
Es curioso que en este momento en #Colombia empiecen a verse actos sospechosos de las autodefensas y grupos armados. Una evocaci√≥n al pasado. Ser√° que lo que quieren es revivir la #SeguridadDemocratica para las elecciones? A qui√©n buscan favorecer?,negative
Conducente prioritario autoridades anulen y repitan elecciones Congreso o al menos 25.000 mesas en d√≥nde estuvieron 25.000 jurados de @UP_Colombia e izquierda terrorista lo EXIGIMOS los Colombianos dem√≥cratas. No existe otra soluci√≥n digna. @CNE_COLOMBIA @PGN_COL @FiscaliaCol,negative
"INFORME ESPECIAL Elecciones presidenciales de Colombia, todo lo que necesita saber - https://t.co/xX9R0XEAqP https://t.co/OyOd9bGUIK",neutral
"Esto es Colombia hace 50 a√±os, Colombia hace una decada, Colombia todos los d√≠as. esto se√±oras y se√±ores es Colombia a unos cuantos d√≠as de elecciones presidenciales en las que "" el candidato de la oposici√≥n "" lidera todas las encuestas y los corruptos de siempre no lo soportan. https://t.co/cfHiZMPhbF",negative
"#EnVivo Match presidencial: descubra su candidato ideal para las elecciones presidenciales en Colombia
https://t.co/wR0HWCjnIQ https://t.co/Do4GVNQ6SO",neutral
"El Registrador Alexander Vega y el @CNE_COLOMBIA Insisten en meterle al pueblo colombiano el gol este 29 de mayo, est√°n desesperados por entregarle el poder a la izquierda en Colombia. https://t.co/fPyKsxf40K",negative
"El Registrador Alexander Vega y el @CNE_COLOMBIA Insisten en meterle al pueblo colombiano el gol este 29 de mayo, est√°n desesperados por entregarle el poder a la izquierda en Colombia. https://t.co/fPyKsxf40K",negative
Match presidencial: descubra su candidato ideal para las elecciones presidenciales en Colombia https://t.co/PTzW620XIz,neutral
"""El antiguo jefe d inteligencia militar venezolana ha afirmado tener informaci√≥n,sobre financiaci√≥n por parte d Venezuela d campa√±as d Gustavo Petro,candidato d a la presidencia d Colombia en las pr√≥ximas elecciones del 29 de mayo, que el pol√≠tico colombiano ha negado"" https://t.co/8lx78liOGE",negative
"¬øY Si gana @petrogustavo? ¬°Colombia üá®üá¥escucha!

Otro clip de la emisi√≥n de #EncuentroLibertarioüóΩ, con  @CarlosAChacon, del @ICPColombia, y a @Juan__Angel__, del @libertariocol sobre las elecciones presidenciales colombianas.

Vea el video completo aqu√≠: https://t.co/FFZeuyo62H https://t.co/Lyvy7pOnnd",neutral
"El Partido Castigador üëá
https://t.co/ceTkao1YtO",negative
"@marthaperaltae @Diego_Molano ""...coalici√≥n m√°s grande del Congreso y la m√°s votada en la historia de Colombia..."", ¬°el ROBO mas grande de la historia de Colombia! querr√° decir. Nos robaron el plebiscito y no hicimos nada, ¬øvamos a permitir que nos roben √©stas elecciones?
https://t.co/9vi3UmzfK2",negative
@MonederoJC A @petrogustavo lo quieren asesinar porque ser√° el ganador de las elecciones presidenciales en Colombia.,negative
"Yo solo dir√© que Dios tenga piedad de Colombia en esas elecciones porque de verdad, nos va a llevar el que nos trajo.",negative
"#ElRiesgoEs @CNE_COLOMBIA @Doris_MendezC , a pesar de ver el robo Monumental por parte del corrupto @Registraduria en Las elecciones de congreso afirman que todo fue transparente, uno roba.. @Registraduria y los otros @CNE_COLOMBIA lo encubren, saben que no tenemos @PGN_COL https://t.co/e8QPkTGVLT",negative
Colombia: La amenaza del golpe y las elecciones  https://t.co/nY3rKAFBbL https://t.co/4lI1Pif9aF,negative
@PGuillermoSerra Por Colombia para que Dios tenga misericordia de nosotros y nos salve del socialismo en estas elecciones presidenciales,negative
"Hace 4 a√±os el mundo destacaba que en Colombia transcurr√≠an las elecciones m√°s pacificas en medio siglo. Hoy tenemos un candidato amenazado, un presidente y el comandante del ej√©rcito controvirtiendo en p√∫blico con ese candidato y un paro armado en algunas regiones. Retrocedimos",negative
"@fdbedout @NoticiasCaracol Ojala y no pase, pero si petro gana las elecciones y vuelve mier...al pa√≠s, las personas como usted, tengan la dignidad de reconocer el error y se auto destierren de Colombia!!!",negative
"@IvanDuque @SEGIBdigital @allamand @MoniPizani @CarlosBlascober @CumbreIberoA Bobohpta, deje de fingir que ya nadie

Ah, y sobese, ley de garant√≠as? ü§£ La corte, te corto las alas, vete YA!! Has historia, el primer presidente de Colombia que huyo y entrego el cargo el d√≠a despu√©s de elecciones",negative
"@petrogustavo Quieren hacer arder a Colombia como sea...y sabotear las elecciones,se un√≠o toda la mafia politico-paramilitar con sus medios de comunicaci√≥n y sus generales golpistas,alrededor de su patr√≥n,no podemos ceder,Colombia va por el  cambio!!
@petrogustavo PRESIDENTE!!",negative
No hay papel higi√©nico que alcance pa limpiar tanta cagada de √©ste gobierno https://t.co/c9SiTk78t1,negative
"#presidente duque y congresistas q aprobaron tumbar ley garant√≠asüá®üá¥durante elecciones, deben renunciar Ya! @PGN_COL @FiscaliaCol @DefensoriaCol @CGR_Colombia ojo cuanto dinero se va perder erario p√∫blico,se robaron para politiquer√≠a....justicia ya, q renuncien ya! https://t.co/O7Y6YrxYVI",negative
"#presidente duque y congresistas q aprobaron tumbar ley garant√≠asüá®üá¥durante elecciones, deben renunciar Ya! @PGN_COL @FiscaliaCol @DefensoriaCol @CGR_Colombia ojo cuanto dinero se va perder erario p√∫blico,se robaron para politiquer√≠a....justicia ya, q renuncien ya! https://t.co/O7Y6YrxYVI",negative
"üëâ Nueva Encuesta para la opini√≥n p√∫blica en General:

‚úèÔ∏è Quedan menos de 95 d√≠as para Celebrar las Elecciones Presidenciales en Colombia.
La pregunta del D√≠a?

üí¢ Quien Cree Usted que Gane las Elecciones Presidenciales de la Rep√∫blica de üá®üá¥?

Vota y Reetwitea.",neutral
Buenos d√≠as! ...y entonces quienes entre las Cortes y congresistas (¬øQui√©nes fueron?) que armaron triqui√±uelas para que el actual registrador llegara al cargo...menos se manifiestan a que lo revoquen...se acorta el tiempo  para las elecciones y √©l ah√≠ campante! Peligra Colombia!,negative
Se han robado las elecciones del congreso !! @PGN_COL @CGR_Colombia @DELAESPRIELLAE  @FiscaliaCol y no va a pasar nada ???,negative
Dios no permita que se *DEMOCRATICEN LAS URNAS DE VOTACI√ìN NI LOS VOTOS EN LAS ELECCIONES PRESIDENCIALES DEL 29 MAYO O EN SEGUNDA VUELTA EL19 DE JUNIO* ah√≠ si que no habr√≠a m√°s democracia en Colombia. #CualquieraMenosPetro #OjoConEl2022 #OjoConEl2022PodriaNoHaber2026,negative
üåç INTERNACIONALES I Colombia: trayecto final de cara a las elecciones presidenciales | Pol√≠tica Hoy https://t.co/ppUlHfd7bj,neutral
Los votos que se necesitan para ganar la Presidencia en la primera vuelta https://t.co/HIRULhpha0,neutral
"@Noelleal Hay gente tan est√∫pida, que creen en unas posibles elecciones en Venezuela, que NO va a perder la tiran√≠a y s√∫male si gana petro en Colombia... El narcotr√°fico en M√©xico, va ser un juego de beb√©s, con lo que va ser el narcotr√°fico en Venezuela y Colombia. El √∫ltimo apague la luz",negative
"Ya hubo un FRAUDE en las elecciones al congreso que Favoreci√≥ al #PactoHistorico 

Se Advierte un fraude wn las pr√≥ximas elecciones del 29 de Mayo.

¬øQue esperan los entes de control para intervenir?

Se√±ores @FiscaliaCol
@PGN_COL @CNE_COLOMBIA @PoliciaColombia https://t.co/s67ywJIM5W",negative
"#ElRiesgoEs el @CNE_COLOMBIA la @Registraduria  El Registrador Vega, parecen confabulados, para robarse las elecciones  @PGN_COL https://t.co/7dFxjf2iL3",negative
Cucute√±os petristas e Idiotas √ötiles para Venezuela... üòÇü§£ #fico #petro #FueraPetro #fueraextremaizquierda #Colombia #Elecciones https://t.co/2KKVPTzaVU,negative
"üá®üá¥ Te presentamos las propuestas #TIC de los candidatos presidenciales en #Colombia üåêüëá
https://t.co/C1jM1OxDRp",neutral
"Match presidencial: descubra su candidato ideal para las elecciones en Colombia | El Espectador #elEspectador

üöÇ#trendeconciencia
üì∫
üëá 
https://t.co/14UgzE8rpJ via @PodcastAddict https://t.co/dFY6PvhhHS",neutral
"AM√âRICA LATINA
Golpe al uribismo y avance de la izquierda
a semanas de las elecciones en Colombia - 
https://t.co/DsJ3kKO3b6",positive
"#ElRiesgoEs perder la senda de crecimiento por la que va Colombia despu√©s de elecciones. El FMI, el Banco de la Rep√∫blica y el Banco Mundial proyectan que nuestra econom√≠a sea una de las que m√°s crezca en la regi√≥n este a√±o. Hay que cuidar la inversi√≥n y la productividad del pais",positive
"@petrogustavo sus narco amigos v√°ndalos est√°n amenazando a los habitantes de C√≥rdoba y Choco.
Colombianos si queremos salvar a Colombia de estos v√°ndalos asesinos, debemos todos unirnos y en la elecciones derrotar definitivamente al peligro social llamado
PETRO EL MADURISTA",negative
"@NoticiasCaracol Es el colmo que Petro√±ero sali√≥ a decir que las victimas les va a hacer falta la declaraci√≥n de otoniel, que descarado si las victimas en colombia la ultrajan y a los delincuentes los ponen en el Senado tan siquiera yendo a elecciones y quer√≠a salvar a otoniel con el cuento",negative
"Con la extradici√≥n de Otoniel, se llevaron un posible muy apoyado candidato a la Presidencia de Colombia en las pr√≥ximas elecciones.",negative
"Resulta inconcebible que el Congreso de Colombia apruebe reformas ilegales, y √©stas pasen por oficinas jur√≠dicas; el presidente (el m√°s interesado) las apruebe y ejecute r√°pidamente, para poner todo a su favor en elecciones. Ahora, la Corte la revierte?",negative
"Deben ir presos los jurados electorales de la UP y Colombia Humana que hicieron fraude en las pasadas elecciones del congreso. Bandidos, iguales a todos los del pacto hist√≥rico.",negative
"¬øQui√©n es ese candidato que defiende sus mismas ideas? üßê

¬°Descubralo en nuestro #MatchPresidencial! Una herramienta que creamos junto a @cifrasyconcepto y @elespectador para que el pr√≥ximo 29 de mayo salga a votar por su candidato ideal. 

https://t.co/x1nxEYCfD7 https://t.co/78W2DyWiKB",neutral
"Hoy amanece colombia secuestrada y sitiada por los amigos de un candidato que lleva las politicas de un expresidente durante los ultimos a√±os y tiene a un pais en jaque!
Tenemos la posibilidad de salvar a colombia en estas elecciones 2022.
Tenemos el derecho al cambio y a la paz https://t.co/gf6MHsLrkc",positive
"@Danielacad3 Consejo de un Venezolano que ama a Colombia. No bajen la guardia, el que cuenta los votos @Registraduria es FICHA DEL FORO DE SAO PAULO. Todav√≠a hay vicios de las elecciones pasadas para favorecer al Pacto Hist√≥rico y ni p√≠o a dicho el tipo. Pilas pues",negative
"@DanielPalam @MinInterior @INPEC_Colombia @DanielPalam para cuando #TodaLaContundenciaContraLaCriminalidad en la @Registraduria ?
Cree q las elecciones #M29 con el #registradorcorrupto Alex Vega y con las denuncias @NoticiasRCN de lo que pas√≥ en Marzo 13, estas no se las va a robar? 
Contundencia esperamos con esto.",negative
"Cerca de 3 mil jurados de votaci√≥n de la Registradur√≠a est√°n inhabilitados. 

La indagaci√≥n fue adelantada por la Procuradur√≠a ante las primarias de las elecciones presidenciales de Colombia. 
https://t.co/DrcoKxOTPs",neutral
"Petro se est√° convirtiendo en un peligro para la seguridad nacional de Colombia. 

https://t.co/86BnUWZIVc",negative
"@lcvelez El mayor riesgo es:
1. Que nadie nos garantice unas elecciones sin freude.
2. Si pierde petro, arder√° Colombia...s√≠ gana ...tambi√©n.",negative
"@karinin7986 @juanitacatano Profe no se desgaste con esa se√±ora su intelecto no le da para m√°s por eso se chamusco en las pasadas elecciones,adem√°s esa se√±ora debe de haber trabajado con la ""dea"" para poder que el partido CR le dieran el aval,recuerde que ella est√° en el partido m√°s corrupto de Colombia",negative
"@Registraduria @PGN_COL @CGR_Colombia @moecolombia Una pregunta

¬øEl es quien capacito a los jurados de votaci√≥n del Pacto Hist√≥rico para que pudiera votar 2 veces y as√≠ ""democratizar"" con el registrador,  Indra y Petro las elecciones al Congreso? 

#RegistraduriaCorrupta 
#TibisayVegaRenuncie 
#RegistradorRenuncie",negative
"El pr√≥ximo 2 de junio se realizar√° el ""Debate Feminista: Colombia 2022"" con los candidatos presidenciales que logren llegar a segunda vuelta üí≠üá®üá¥

https://t.co/zpHp59ivvi",neutral
"En los consulados de Colombia en el exterior se adelantan las pruebas de funcionalidad para las elecciones de presidente y vicepresidente de la rep√∫blica. En el pa√≠s, la Registradur√≠a Nacional alista los simulacros para los comicios del 29 de mayo.

#GarantesDeLaDemocracia https://t.co/7NOQaPod0z",neutral
"@lafm tremendo informe de la posible corrupci√≥n en el fraude del pasado 13 de marzo a la Colombia humana le asignaron 24 mil jurados que si votaron 2 veces cada uno significar√≠a el robo m√°s grande en Colombia, y el registrador intento quitar la huella y la firma de las elecciones",positive
"#QuienRespondePor la plata que regalaron en contratos escud√°ndose en ""beneficiar a la Colombia profunda"" durante las elecciones? La misma Colombia a la que @karenabudi dej√≥ sin conectividad. Qui√©n responde por los 70 mil millones? No olvidemos nunca esta cifra.",negative
"@Registraduria Por primera vez en la historia de elecciones en colombia el registrador mostr√≥ su afinidad pol√≠tica y favoreci√≥ al mejor postor! Que risa esos garantes, son los mismos que participan en las elecciones democr√°ticas de venezuela y que siempre dan ganador a Maduro !",negative
"35 municipios, en seis departamentos, paralizados por paro armado del Clan del Golfo. 

Colombia, con la inflaci√≥n m√°s alta en 22 a√±os.

Caos por Ley de garant√≠as durante elecciones.

Benito lanz√≥ disco de 23 canciones.

Taylor Swift estrena This Love TV, de su ya grammy 1989

ü•µ",negative
"No hab√≠a ca√≠do en cuenta que el lunes 30 de mayo es puente festivo, se pueden perjudicar las elecciones, por favor no viajen ese d√≠a, salgan a votar juiciosos que si no votan se monta Petro!! Pilas Colombia, a ser responsables!!",negative
"Colombia depende de renuncia/destituci√≥n de Alexander Vega de @Registraduria, y de auditor√≠a imparcial que contrate @CNE_COLOMBIA (que lo dudo), fraude ocurrido en pasadas elecciones es de registrarlo en historia de Colombia, estas 2 instituciones dejan mucho que pensar.",negative
"Gracias a los Acuerdos de paz de La Habana en 2018 Colombia tuvo las elecciones m√°s pac√≠ficas de su historia. 
 
 Uribismo nos devolvi√≥ a elecciones en medio de guerra, paros armados y violaciones masivas a los ddhh.",negative
"üá®üá¥ QUE COMIENCE EL SHOW
 COLOMBIANO (CAMINO A ELECCIONES PRESIDENCIALES EN COLOMBIA).
 
 A 23 dias para la primera ronda presidencial, se devela el pacto que hay detras.
 
 https://t.co/ugZhjFXZOD",negative